{"cameraMode":{"drawMode":0,"name":"Shaded","section":"Shading Mode"},"sceneLighting":true,"audioPlay":false,"sceneViewState":{"m_AlwaysRefresh":false,"showFog":false,"showSkybox":true,"showFlares":false,"showImageEffects":false,"showParticleSystems":false,"showVisualEffectGraphs":true,"m_FxEnabled":true},"in2DMode":false,"pivot":{"x":-1.2455421686172486,"y":-1.3671306371688843,"z":3.440542697906494},"rotation":{"x":0.1318454146385193,"y":-0.003556780517101288,"z":0.0004740598378702998,"w":0.9912666082382202},"size":6.709272384643555,"orthographic":false}